16840819-4846,1691072733799,"Acevedo, Honorato D.",12.475.369/1254-07,16240411-6234,Maggy,RPR58YMU1CU,74899,dolor.vitae@aultriciesadipiscing.ca,8
16030910-9072,1660041353899,"Alexander, Yetta S.",12.475.369/1254-06,16141224-5886,Rae,UFZ71BNY9CU,76758,Maecenas.ornare.egestas@Quisque.edu,6
16520407-1269,1605042186199,"Cochran, Anthony J.",12.475.369/1254-09,16070609-2996,Blaze,HDN61IUA2HC,19516,fermentum.arcu@tempor.ca,7
16401004-2606,1622052353199,"Barrett, Tatyana K.",12.475.369/1254-10,16870819-1674,Murphy,IVT63VBL4TB,25348,iaculis.aliquet@Phasellus.co.uk,8
16620828-2506,1655081023199,"Roach, Simon Q.",12.475.369/1254-08,16551009-7339,Rashad,TKM55KIH2YZ,29127,risus@id.co.uk,8
16810925-9369,1692100246599,"Mayer, Laura S.",12.475.369/1254-05,16241121-0848,Raymond,VZJ23KWT2QU,58712,iaculis.nec@magnaaneque.net,7
16470418-0969,1642081381199,"Cox, Jolene V.",12.475.369/1254-08,16170212-8040,Kylan,YKQ48RVO9UR,8922,sed@malesuadaut.net,6
16431025-1907,1632070530899,"Harrington, Wendy W.",12.475.369/1254-05,16820530-6114,Jena,XPM95OGZ5PZ,95041,pellentesque.tellus@nisimagna.co.uk,7
16350815-4642,1650061961399,"Bradford, Jesse W.",12.475.369/1254-07,16490530-4863,Halee,RLJ97JDC7EO,15660,mi.lacinia.mattis@Curabitur.net,5
16290215-5437,1611061242999,"Hull, Chaney C.",12.475.369/1254-06,16520421-3085,Alma,XXW08NYJ8QH,33050,ut@semmolestiesodales.edu,6
16080618-4834,1683061446499,"Schroeder, Benjamin C.",12.475.369/1254-06,16540920-6983,Lara,HUT20PXF0MI,42466,ac.orci@dapibusrutrumjusto.co.uk,6
16050614-0847,1622121033799,"Griffith, Scarlet F.",12.475.369/1254-06,16610129-1190,Jessica,RIN95NEN6YU,81053,risus@estac.org,7
16541018-9210,1687072218899,"Rodriquez, Trevor T.",12.475.369/1254-06,16470826-7796,Zephania,AKM93LTU7IV,90141,ultricies.ornare.elit@lorem.co.uk,4
16190315-6592,1657051746399,"Rowland, Kimberly L.",12.475.369/1254-08,16381005-0934,Lucy,FMZ52DJP0AE,38828,eu.tellus.Phasellus@Inornare.co.uk,6
16800117-8956,1635070507299,"Pugh, Dustin W.",12.475.369/1254-06,16290316-2416,Kevin,DRV36QIU7MH,60242,lacus.Quisque.imperdiet@nec.co.uk,8
16850522-0742,1623020792899,"Figueroa, Quinlan P.",12.475.369/1254-05,16590326-3712,Steven,IWJ12AMO4KI,96145,et.risus.Quisque@aliquetodioEtiam.edu,4
16110117-3902,1621081240199,"Wilson, Constance S.",12.475.369/1254-10,16710902-1167,Abraham,WQE04FKZ9LD,66886,at.nisi.Cum@magna.net,8
16880118-5011,1689113031599,"Head, Allistair V.",12.475.369/1254-08,16980113-4223,Quon,KXN97JUA6FC,38317,risus.Nunc.ac@quislectusNullam.com,8
16450806-8378,1699081013499,"Key, Kendall P.",12.475.369/1254-07,16090213-7637,Walker,GJK74FDX8FF,94671,cubilia.Curae.Donec@Fuscemi.net,8
16380819-6509,1602040918399,"Vincent, Gwendolyn Z.",12.475.369/1254-05,16491206-1365,Keiko,UPG90XPC9QP,73409,eget@Etiamvestibulum.edu,4
16990122-0179,1686112609499,"Barton, Clarke G.",12.475.369/1254-06,16900411-7256,Garth,DSH12ZSY9ST,11757,Vestibulum.accumsan@Nuncullamcorper.net,6
16420524-9701,1629112755299,"Sherman, Tatiana C.",12.475.369/1254-08,16400701-1341,Nathaniel,TLA70OYK4XX,49085,tincidunt@sitamet.net,5
16390711-9600,1613093045899,"Holloway, Savannah I.",12.475.369/1254-08,16260511-3964,Hamish,MMM41XVO5WB,49441,ut@maurisid.edu,6
16691205-9026,1680111890199,"Rasmussen, Kitra Z.",12.475.369/1254-07,16840304-2495,Florence,JEJ17IAM3UG,11336,elit.Aliquam.auctor@Sedeunibh.edu,8
16840826-7626,1680081230999,"Lott, Ulric J.",12.475.369/1254-07,16360501-4236,Callie,GYL77FSH9RM,28323,feugiat@ideratEtiam.org,7
16560728-3453,1652092124299,"Schmidt, Tatum S.",12.475.369/1254-08,16190205-5993,Gray,AZW87RMJ2XI,83632,auctor@elitsedconsequat.edu,8
16040324-6762,1631071772599,"Yang, Cameran T.",12.475.369/1254-08,16750324-5545,Fulton,FTA77ILV7WD,13616,velit.Aliquam@venenatis.edu,4
16230222-8701,1631040169299,"Farley, Ivor C.",12.475.369/1254-10,16260427-9303,Kibo,LEO87ZPA0PD,74931,orci@tempuslorem.org,7
16270626-2561,1630030822499,"Sandoval, Philip S.",12.475.369/1254-08,16970130-1989,Daryl,WYA24ZSC7XY,79205,mollis.lectus.pede@diamdictumsapien.com,5
16460409-9996,1667032802499,"Gray, Kimberley U.",12.475.369/1254-07,16170501-1086,Melvin,WUZ23SGO0DS,15716,pede.Nunc.sed@sociisnatoque.net,4
16801120-0303,1698102991899,"Berger, Abraham B.",12.475.369/1254-05,16070426-8135,Erin,VZH93UEQ3RR,2846,quis@senectuset.net,6
16980113-0031,1650091530699,"Fernandez, Stone H.",12.475.369/1254-09,16540528-5205,Alexander,CBQ27LXF6DL,61552,molestie.orci.tincidunt@tortornibh.edu,4
16110128-8445,1670061495999,"Simmons, Avram F.",12.475.369/1254-08,16440417-6069,Candace,EHD97YNZ7ZD,10228,mus.Proin@molestietellus.net,7
16790328-1157,1603052335099,"Hartman, Clio V.",12.475.369/1254-06,16111212-1346,Graiden,UYS31QTQ0HY,9268,nec.eleifend.non@posuere.net,6
16861122-6740,1605061319899,"Rivera, Donovan C.",12.475.369/1254-08,16650812-5116,Hammett,AUV79BER8TZ,98979,elementum.lorem.ut@nonquam.edu,6
16080614-7468,1659101501199,"Johnston, Jason R.",12.475.369/1254-08,16740302-0451,Peter,CSS10HAB8UU,8932,senectus.et.netus@imperdiet.net,8
16910605-0066,1672092410199,"Hester, Zeus F.",12.475.369/1254-07,16621023-9080,Autumn,GTR43DIR2KP,61253,eu.nibh@inmagna.org,7
16270710-5454,1662010636999,"Solis, Lyle T.",12.475.369/1254-05,16280802-7268,Tyler,DRM52RAZ7OE,95352,nec.malesuada.ut@parturient.edu,4
16131212-4371,1640010500499,"Richardson, Garrison U.",12.475.369/1254-08,16181017-4456,Philip,HQX78IKB7AG,55062,Nullam@feugiatplacerat.com,5
16540825-5676,1616041959899,"Rodriguez, Noel S.",12.475.369/1254-08,16320718-5954,Patience,AKO81POR8BA,85231,sollicitudin.orci@ipsumCurabitur.com,8
16801008-8394,1616051051199,"Rowland, Ray V.",12.475.369/1254-06,16511023-5750,Cadman,YNF20FMA2MX,74996,turpis.In@metusInlorem.com,7
16150120-7045,1614081495399,"Huber, Tanisha H.",12.475.369/1254-08,16271224-9438,Lynn,VQB32ZKN7UK,8856,Maecenas.iaculis.aliquet@iderat.net,7
16540921-5414,1647071014299,"Calhoun, Winifred Q.",12.475.369/1254-05,16510809-6214,Inez,SRI93NFR8GF,16216,ac@ut.edu,8
16020110-0765,1648010943499,"Yates, Demetrius T.",12.475.369/1254-06,16880428-9992,Knox,ELG17TAE5AM,79259,Donec.consectetuer@metus.net,8
16720811-5514,1633041957499,"York, Daria N.",12.475.369/1254-07,16180510-5747,Connor,DEE76LZQ5JA,99116,iaculis@Maurismagna.org,6
16220702-1318,1654120715999,"Carroll, Germaine W.",12.475.369/1254-07,16160927-3204,Ciaran,PFH95WVB6JT,83550,Mauris.quis.turpis@Loremipsumdolor.ca,4
16180902-6261,1604120889399,"Ward, Regina B.",12.475.369/1254-05,16581218-8612,Len,IKN50DHP8RO,23907,eu.sem.Pellentesque@asollicitudin.edu,4
16820329-4270,1695101661199,"Gonzalez, Kylan A.",12.475.369/1254-05,16870301-8039,Larissa,ZUT03NME9WR,455,ligula@nuncsedpede.edu,8
16931209-1540,1682041171599,"Sparks, Lionel U.",12.475.369/1254-10,16960321-0916,Fuller,EKE42PWS8PS,55130,Etiam@consectetueradipiscingelit.co.uk,7
16611126-9871,1635050338799,"Holder, Kirsten P.",12.475.369/1254-08,16640625-4364,Sawyer,ZJI49VMQ2AJ,10006,pretium.aliquet@semmollisdui.com,4
16900925-2140,1670010883499,"Francis, Carson X.",12.475.369/1254-09,16500211-6613,Keane,HXA88PME2LO,53148,mauris.sagittis@ante.ca,6
16551208-4210,1693060677899,"Meyers, Leslie Y.",12.475.369/1254-05,16690628-2840,Ferris,TKN33GPH7NC,71741,dis.parturient@ridiculus.edu,7
16520828-9669,1612101558799,"Barrera, Robin Y.",12.475.369/1254-10,16230315-7834,Vaughan,SRV78ICF8CF,99496,semper@nisi.net,4
16380717-0083,1691122912499,"Wall, Lars Y.",12.475.369/1254-08,16920816-1613,Lee,ERN03AHC8CC,40282,sem@dictumsapienAenean.co.uk,7
16970509-6916,1612030302299,"Solis, Adara H.",12.475.369/1254-08,16560618-2136,Kylynn,AIJ70JDV9CE,95613,ipsum@vitae.ca,6
16890508-0845,1683032210199,"Santiago, Dahlia K.",12.475.369/1254-05,16590615-9537,Finn,NAR98RYZ1VQ,39094,Nunc@non.edu,4
16690814-5664,1630110856699,"Woodard, Noble T.",12.475.369/1254-06,16890303-9991,Lysandra,MZK55VYQ4AP,66176,consequat.nec@velpedeblandit.org,7
16400314-5747,1685102177299,"Finley, Imogene C.",12.475.369/1254-06,16350326-2051,Heidi,PZF19LUI1QD,13547,sollicitudin.commodo.ipsum@tempus.ca,6
16920402-7321,1668123093699,"Perry, Rashad M.",12.475.369/1254-08,16131229-9231,Justin,USY70XOK3UQ,53269,lacinia@nisl.ca,4
16340907-9716,1603062497999,"Donaldson, Charity X.",12.475.369/1254-08,16410629-6595,Leslie,SBV20OCV9AH,5977,non@aliquetProin.com,8
16640202-3979,1656120962999,"Elliott, Amery J.",12.475.369/1254-05,16600309-6481,Erica,TPD74MXO0GM,22178,et.malesuada@eu.com,5
16340225-7251,1678081992899,"Bruce, Carl Z.",12.475.369/1254-08,16820523-0025,Lilah,DOI56EUI5IQ,25501,erat@elementumat.net,6
16270707-0625,1659122145799,"Oliver, Declan O.",12.475.369/1254-10,16290929-9212,Hu,YAU22KMB8XP,29202,nec.urna@egetlacusMauris.net,4
16790116-5014,1600070488499,"Potter, William G.",12.475.369/1254-05,16960307-8438,Ezekiel,FZJ55CMD4CJ,20404,in.faucibus@nequeInornare.ca,8
16150912-1339,1645072964399,"Harmon, Sylvia F.",12.475.369/1254-08,16680915-7883,Jelani,OXQ60KKI0QZ,11727,egestas@luctusvulputatenisi.net,4
16920325-6087,1699010711699,"Moore, Cameron O.",12.475.369/1254-08,16591228-9104,Orson,CKQ21MUQ2ET,57888,porttitor.interdum@euodiotristique.edu,7
16990402-9510,1683032984299,"Mathis, Alexandra L.",12.475.369/1254-05,16800428-1989,Adele,TLE91QDY7EI,97881,et.commodo@egetmetusIn.net,5
16030723-1886,1651070366199,"Barry, Abel W.",12.475.369/1254-10,16670810-6189,Len,UZG07OCK8JK,37857,est.tempor@aliquetnec.edu,7
16660118-2287,1655081780799,"Alston, Natalie A.",12.475.369/1254-09,16380413-8695,Paloma,AYI91THE6LI,82743,Vivamus.nibh@auctornon.co.uk,5
16471122-0477,1648072921699,"Benton, Kim T.",12.475.369/1254-07,16720304-4511,Leandra,KNJ47AXJ7UA,37060,egestas@etrisusQuisque.edu,4
16901030-6257,1676042382399,"Hester, Vladimir X.",12.475.369/1254-09,16590811-5404,Hayfa,SVV66PLM3TZ,79744,senectus.et@orciDonec.org,8
16540913-4979,1677090635999,"Berger, Keith Y.",12.475.369/1254-06,16250701-9327,Shafira,TXZ66HXJ9HP,15096,purus.in@pedeCrasvulputate.org,6
16670110-4827,1630032955499,"Harrison, Aretha G.",12.475.369/1254-08,16970103-8979,Yardley,HXE09KOC9WP,35667,pretium.et.rutrum@laciniaorci.org,5
16570703-3089,1616021083799,"Beard, Nolan P.",12.475.369/1254-07,16640827-4048,Clayton,CFW24TDD2YG,60784,id.risus@odioNam.org,4
16680821-1582,1682040296499,"Mann, Finn M.",12.475.369/1254-06,16311011-7508,Dillon,PSL43TWJ3QS,62213,enim@nibhPhasellus.com,8
16420114-6679,1650020576099,"Mccray, Cruz F.",12.475.369/1254-08,16590123-2784,Gary,IAP10OWB0XH,71560,Donec.nibh@massaInteger.ca,7
16670624-1319,1605112197999,"Cain, Lysandra F.",12.475.369/1254-05,16130612-6481,Hiram,GCW60QPV6LG,9221,sed.libero@non.edu,8
16670207-7436,1613100281399,"Davenport, September H.",12.475.369/1254-06,16890120-5222,Cairo,DFN31QKP0AE,43620,amet@aliquetPhasellus.edu,5
16220726-8950,1650051228399,"Hickman, Amery D.",12.475.369/1254-05,16490123-0492,Emerson,RZG70WIA7MJ,34856,euismod.mauris.eu@velarcu.co.uk,4
16220620-5433,1682031098999,"Flores, Yuli H.",12.475.369/1254-06,16690703-6864,Asher,HVS31HWM9TV,68699,ac.mi.eleifend@blandit.net,8
16141013-5691,1642051588699,"Bolton, Neil R.",12.475.369/1254-09,16090707-0973,Jamalia,CXN08XOB5AC,25410,imperdiet.nec@sagittisDuisgravida.org,4
16821219-8389,1601060800899,"Wolf, Daryl I.",12.475.369/1254-06,16621006-6053,Linda,CCO68BXK9CL,78114,dapibus.quam.quis@eliteratvitae.com,7
16370607-1556,1610120230299,"Lynch, Iona O.",12.475.369/1254-10,16891101-3053,Yoshi,AUB49CHZ1LW,51236,et@adipiscing.com,4
16121128-4755,1659071565899,"Holden, Ulric V.",12.475.369/1254-06,16751209-6046,Fatima,MWW21TBC9TY,94059,est.Mauris.eu@dictumeuplacerat.edu,4
16020909-9084,1620091034599,"Day, Fatima C.",12.475.369/1254-08,16620319-4862,Molly,NFL83XDL5XF,22321,adipiscing.fringilla@CuraeDonectincidunt.net,4
16400318-2443,1666122486899,"Byrd, Jescie I.",12.475.369/1254-09,16070111-5339,Kamal,RPF72HVW8QO,91544,eu.neque@velit.org,5
16031120-9845,1623122409199,"Ryan, Solomon H.",12.475.369/1254-07,16750423-1551,Destiny,BCV11STJ0DY,34442,sodales@mollisPhaselluslibero.net,8
16541210-8838,1678021191199,"Black, Nathan F.",12.475.369/1254-08,16300408-4459,Sydnee,ZPJ10FLA8GR,29116,feugiat.metus.sit@cursusdiam.net,8
16040225-2217,1646040171899,"Henderson, Jameson B.",12.475.369/1254-08,16190213-6587,Jack,QUB66HHQ8HM,68693,aliquam@dictum.org,5
16860906-5845,1696010922099,"Bowers, Baker K.",12.475.369/1254-06,16860908-3277,Alec,ZFF11MBR2EG,73244,dolor.Donec@Suspendissealiquetmolestie.net,7
16430904-7357,1693081134699,"Pugh, Kaye E.",12.475.369/1254-05,16440613-6228,Fredericka,OPV98XYQ6MD,95318,Curabitur.sed@neque.org,8
16580316-5397,1637120394599,"Lucas, Skyler W.",12.475.369/1254-08,16290530-7324,Tashya,WMT93XQG2XP,71179,velit.dui@Quisque.edu,5
16130703-6655,1616110915799,"Kirby, Acton S.",12.475.369/1254-05,16270302-1481,Shelby,PBG33DOG1VV,83258,orci.Donec.nibh@quis.edu,5
16951018-2794,1682102915899,"Bond, Laith Y.",12.475.369/1254-06,16090314-3717,Rama,QKK97JYM4YV,54771,est.tempor@nasceturridiculus.ca,4
16880403-0487,1611092155899,"House, Halee I.",12.475.369/1254-07,16150119-2247,Caleb,KCB36HHW1VE,36024,Sed@urnaet.org,4
16120208-1525,1689100343499,"Baird, Nicole I.",12.475.369/1254-06,16480622-5134,Bruce,KWG06VID2NU,87154,dui.nec@sagittis.com,5
16260101-7441,1612041495399,"Christensen, Walter K.",12.475.369/1254-10,16891008-2299,Vaughan,XQV98MRV8WU,67720,magna@atnisiCum.edu,6
16630122-0809,1621071358699,"Cole, Thomas W.",12.475.369/1254-10,16090408-1312,Ayanna,GVP81ZHL5NJ,35310,adipiscing@consequatnec.edu,7
16761219-3305,1665111536899,"Wilkinson, Winifred U.",12.475.369/1254-07,16180501-1929,Gage,NFB32MLA3VQ,67098,Donec.fringilla.Donec@odioauctorvitae.net,4
16431106-4499,1679041406299,"Pickett, Amela O.",12.475.369/1254-05,16411206-0688,Lila,MUX70MVD6OI,73097,Quisque.nonummy@nonvestibulum.org,7